assembly	excel_strain	source	toxinotype	clade_legacy
13	13	Environment	A	3
2023_00056	2023_00056	Blood	A	2
ATCC3626	ATCC3626	Animal	B	3
CBA7123	CBA7123	Human	A	5
CP_12	CP-12	Animal	A	1
Cp1	Cp1	Blood	A	3
Cp10	Cp10	Blood	A	3
Cp11	Cp11	Blood	A	3
Cp12	Cp12	Blood	A	3
Cp13	Cp13	Blood	A	3
Cp14	Cp14	Blood	A	3
Cp15	Cp15	Blood	A	3
Cp16	Cp16	Blood	A	3
Cp17	Cp17	Blood	A	3
Cp18	Cp18	Blood	A	3
Cp19	Cp19	Blood	A	3
Cp2	Cp2	Blood	A	3
Cp20	Cp20	Blood	A	3
Cp21	Cp21	Blood	A	3
Cp22	Cp22	Blood	A	3
Cp23	Cp23	Blood	A	3
Cp24	Cp24	Blood	F	3
Cp25	Cp25	Blood	A	3
Cp3	Cp3	Blood	A	3
Cp4	Cp4	Blood	A	3
Cp5	Cp5	Blood	A	3
Cp6	Cp6	Blood	A	3
Cp7	Cp7	Blood	A	3
Cp9	Cp9	Blood	A	3
EHE_NE18	EHE-NE18	Animal	G	3
FORC_003	FORC_003	Environment	A	3
GCA_000013285.1_ASM1328v1_ATCC13124	ATCC13124	Unknown/Other	A	3
GCA_000013845.2_ASM1384v2_SM101	SM101	Human	F	1
GCA_000171135.1_ASM17113v1_JGS1495	JGS1495	Animal	C	3
GCA_000171175.1_ASM17117v1_JGS1987	JGS1987	Animal	E	3
GCA_000171195.1_ASM17119v1_F4969	F4969	Human	F	3
GCA_000172455.1_ASM17245v1_JGS1721	JGS1721	Animal	D	3
GCA_000243175.1_Clos_perf_WAL_14572_V2_WAL_14572	Clos_perf_WAL_14572_V2_WAL_14572	Human	A	3
GCA_000255475.1_ASM25547v1_F262	F262	Animal	A	3
GCA_000512415.1_JJC_1.0	JJC_1.0	Environment	A	3
GCA_001052445.1_ASM105244v1_1207_CPER	1207_CPER	Human	A	3
GCA_001406415.1_13414_6_73_2789STDY5608889	13414_6_73_2789STDY5608889	Human	A	3
GCA_001414595.1_CP4	CP4	Animal	G	3
GCA_001546355.1_ASM154635v1_MJR7757A	MJR7757A	Human	A	4
GCA_001854085.1_ASM185408v1_FORC_025	FORC_025	Human	A	3
GCA_001913905.1_ASM191390v1_0522A_28_397	0522A_28_397	Human	A	3
GCA_001949205.1_ASM194920v1_JFP718	JFP718	Animal	F	2
GCA_001949215.1_ASM194921v1_JFP774	JFP774	Animal	F	2
GCA_001949235.1_ASM194923v1_JFP728	JFP728	Animal	F	2
GCA_001949245.1_ASM194924v1_JFP727	JFP727	Animal	F	2
GCA_001949295.1_ASM194929v1_JFP795	JFP795	Animal	F	2
GCA_001949305.1_ASM194930v1_JFP801	JFP801	Animal	F	2
GCA_001949315.1_ASM194931v1_JFP804	JFP804	Animal	F	2
GCA_001949325.1_ASM194932v1_JFP796	JFP796	Animal	F	2
GCA_001949385.1_ASM194938v1_JFP810	JFP810	Animal	F	2
GCA_001949395.1_ASM194939v1_JFP826	JFP826	Animal	F	2
GCA_001949405.1_ASM194940v1_JFP828	JFP828	Animal	F	2
GCA_001949455.1_ASM194945v1_JFP829	JFP829	Animal	F	2
GCA_001949465.1_ASM194946v1_JFP833	JFP833	Animal	A	3
GCA_001949485.1_ASM194948v1_JFP834	JFP834	Animal	F	3
GCA_001949515.1_ASM194951v1_JFP836	JFP836	Animal	F	2
GCA_001949535.1_ASM194953v1_JFP914	JFP914	Animal	F	2
GCA_001949545.1_ASM194954v1_JFP916	JFP916	Animal	F	2
GCA_001949565.1_ASM194956v1_JFP921	JFP921	Animal	F	2
GCA_001949595.1_ASM194959v1_JFP922	JFP922	Animal	F	2
GCA_001949615.1_ASM194961v1_JFP923	JFP923	Animal	F	2
GCA_001949625.1_ASM194962v1_JFP941	JFP941	Animal	F	2
GCA_001949635.1_ASM194963v1_JFP961	JFP961	Animal	F	2
GCA_001949695.1_ASM194969v1_JFP978	JFP978	Animal	F	3
GCA_001949715.1_ASM194971v1_JFP980	JFP980	Animal	F	2
GCA_001949725.1_ASM194972v1_JFP981	JFP981	Animal	F	3
GCA_001949735.1_ASM194973v1_JFP982	JFP982	Animal	F	2
GCA_002012325.1_ASM201232v1_Del1	Del1	Animal	G	3
GCA_002018235.1_ASM201823v1_CP15	CP15	Animal	A	3
GCA_002160285.1_ASM216028v1_An185	An185	Animal	A	3
GCA_002161405.1_ASM216140v1_An68	An68	Animal	A	3
GCA_003075475.1_ASM307547v1_BzA	BzA	Animal	A	3
GCA_003181365.1_ASM318136v1_T3381	T3381	Animal	A	3
GCA_003181415.1_ASM318141v1_TAM_NE42	TAM_NE42	Animal	A	3
GCA_003181455.1_ASM318145v1_TAM_NE43	TAM_NE43	Animal	A	3
GCA_003181505.1_ASM318150v1_TAM-NE38	TAM-NE38	Animal	G	3
GCA_003181535.1_ASM318153v1_67	67	Animal	G	3
GCA_003181555.1_ASM318155v1_48	48	Animal	A	3
GCA_003181575.1_ASM318157v1_37	37	Animal	G	3
GCA_003181595.1_ASM318159v1_SAF_1	SAF_1	Animal	A	3
GCA_003181625.1_ASM318162v1_PBD1	PBD1	Animal	A	5
GCA_003181655.1_ASM318165v1_NAG_NE31	NAG_NE31	Animal	A	3
GCA_003181695.1_ASM318169v1_ITX1105_12MP	ITX1105_12MP	Animal	G	3
GCA_003181705.1_ASM318170v1_GNP_1	GNP_1	Animal	G	3
GCA_003181735.1_ASM318173v1_FC2	FC2	Animal	F	3
GCA_003181745.1_ASM318174v1_EUR-NE15	EUR-NE15	Animal	G	3
GCA_003181775.1_ASM318177v1_BER_NE33	BER_NE33	Animal	A	3
GCA_003181795.1_ASM318179v1_98.78718_2	98.78718_2	Animal	G	3
GCA_003181815.1_ASM318181v1_96_7415	96_7415	Animal	A	3
GCA_003181875.1_ASM318187v1_SOM_NE34	SOM_NE34	Animal	A	3
GCA_003181895.1_ASM318189v1_11	11	Animal	A	3
GCA_003181915.1_ASM318191v1_PC5	PC5	Animal	A	5
GCA_003181925.1_ASM318192v1_PBS5	PBS5	Animal	A	5
GCA_003181955.1_ASM318195v1_NobL1	NobL1	Animal	C	3
GCA_003181965.1_ASM318196v1_K473	K473	Animal	A	3
GCA_003181995.1_ASM318199v1_EHE-NE7	EHE-NE7	Animal	G	3
GCA_003350945.1_ASM335094v1_JXJA17	JXJA17	Animal	A	3
GCA_003475625.1_ASM347562v1_AF30_3	AF30_3	Human	A	3
GCA_003628405.2_ASM362840v2_2016TE7641_69	2016TE7641_69	Animal	G	3
GCA_003849925.1_ASM384992v1_SC4_C24	SC4_C24	Environment	A	3
GCA_003849945.1_ASM384994v1_SC4_C17	SC4_C17	Environment	A	3
GCA_003850125.1_ASM385012v1_SC4_C13	SC4_C13	Environment	A	3
GCA_004115725.1_ASM411572v1_83921_3_4	83921_3_4	Human	F	1
GCA_004116045.1_ASM411604v1_79385_2	79385_2	Food	F	1
GCA_004116125.1_ASM411612v1_79385_3	79385_3	Food	F	1
GCA_004116135.1_ASM411613v1_79385_4	79385_4	Food	F	1
GCA_004116145.1_ASM411614v1_79385_5	79385_5	Food	F	1
GCA_004116155.1_ASM411615v1_79385_7	79385_7	Food	F	1
GCA_004116165.1_ASM411616v1_79385_6	79385_6	Food	F	1
GCA_004116225.1_ASM411622v1_83921_1_2	83921_1_2	Human	F	1
GCA_004116235.1_ASM411623v1_83921_3_3	83921_3_3	Human	F	1
GCA_004116255.1_ASM411625v1_79385_1	79385_1	Food	F	1
GCA_004329595.1_ASM432959v1_13_0847_D	13_0847_D	Animal	A	3
GCA_004329605.1_ASM432960v1_13_0815_D	13_0815_D	Animal	A	3
GCA_004329615.1_ASM432961v1_13_0816_B	13_0816_B	Animal	A	3
GCA_004329675.1_ASM432967v1_13_0815_C	13_0815_C	Animal	A	3
GCA_004793785.1_ASM479378v1_NM49_B9_7	NM49_B9_7	Animal	A	2
GCA_005844105.1_ASM584410v1_BSD2780061688st3_G3	BSD2780061688st3_G3	Human	A	3
GCA_005844665.1_ASM584466v1_1001175st1_F9	1001175st1_F9	Human	A	1
GCA_006409095.1_ASM640909v1_JS2202	JS2202	Animal	G	3
GCA_006454475.1_ASM645447v1_JS5388	JS5388	Animal	G	3
GCA_008086935.1_ASM808693v1_LLY_Tpel17	LLY_Tpel17	Animal	A	3
GCA_010994425.1_ASM1099442v1_68	68	Animal	A	3
GCA_011062465.1_ASM1106246v1_CP_45	CP-45	Animal	A	3
GCA_011062475.1_ASM1106247v1_CP_44	CP-44	Animal	D	3
GCA_011062485.1_ASM1106248v1_CP_43	CP-43	Animal	C	3
GCA_011062525.1_ASM1106252v1_CP_42	CP-42	Animal	C	3
GCA_011062545.1_ASM1106254v1_CP_41	CP-41	Animal	A	3
GCA_011062565.1_ASM1106256v1_CP_39	CP-39	Animal	A	3
GCA_011062585.1_ASM1106258v1_CP_40	CP-40	Animal	C	3
GCA_011062605.1_ASM1106260v1_CP_36	CP-36	Animal	A	3
GCA_011062615.1_ASM1106261v1_CP_38	CP-38	Animal	C	3
GCA_011062625.1_ASM1106262v1_CP_35	CP-35	Animal	A	1
GCA_011062635.1_ASM1106263v1_CP_37	CP-37	Animal	A	3
GCA_011062685.1_ASM1106268v1_CP_34	CP-34	Animal	B	3
GCA_011062695.1_ASM1106269v1_CP_28	CP-28	Animal	A	3
GCA_011062725.1_ASM1106272v1_CP_33	CP-33	Animal	A	5
GCA_011062735.1_ASM1106273v1_CP_32	CP-32	Animal	D	3
GCA_011062745.1_ASM1106274v1_CP_31	CP-31	Animal	A	3
GCA_011062775.1_ASM1106277v1_CP_30	CP-30	Animal	A	3
GCA_011062805.1_ASM1106280v1_CP_29	CP-29	Animal	A	3
GCA_011062815.1_ASM1106281v1_CP_25	CP-25	Animal	A	3
GCA_011062825.1_ASM1106282v1_CP_24	CP-24	Animal	A	3
GCA_011062845.1_ASM1106284v1_CP_27	CP-27	Animal	A	3
GCA_011062885.1_ASM1106288v1_CP_26	CP-26	Animal	A	3
GCA_011062905.1_ASM1106290v1_CP_23	CP-23	Animal	A	3
GCA_011062925.1_ASM1106292v1_CP_20	CP-20	Animal	C	3
GCA_011062935.1_ASM1106293v1_CP_19	CP-19	Animal	A	3
GCA_011062955.1_ASM1106295v1_CP_21	CP-21	Animal	B	3
GCA_011062975.1_ASM1106297v1_CP_22	CP-22	Animal	D	3
GCA_011063005.1_ASM1106300v1_CP_17	CP-17	Animal	A	3
GCA_011063025.1_ASM1106302v1_CP_18	CP-18	Animal	C	3
GCA_011063045.1_ASM1106304v1_CP_15	CP-15	Animal	A	3
GCA_011063055.1_ASM1106305v1_CP_16	CP-16	Animal	A	3
GCA_011063075.1_ASM1106307v1_CP_13	CP-13	Animal	C	3
GCA_011063105.1_ASM1106310v1_CP_14	CP-14	Unknown/Other	A	3
GCA_011063125.1_ASM1106312v1_CP_11	CP-11	Animal	A	3
GCA_011063135.1_ASM1106313v1_CP_10	CP-10	Animal	D	3
GCA_011063145.1_ASM1106314v1_CP_09	CP-09	Animal	F	2
GCA_011063205.1_ASM1106320v1_CP_04	CP-04	Animal	C	3
GCA_011063215.1_ASM1106321v1_CP_08	CP-08	Animal	A	3
GCA_011063245.1_ASM1106324v1_CP_06	CP-06	Animal	C	3
GCA_011063255.1_ASM1106325v1_CP_07	CP-07	Unknown/Other	A	3
GCA_011068425.1_ASM1106842v1_CP_05	CP-05	Animal	C	3
GCA_012843975.1_ASM1284397v1_WCA_h_251_APC_2	WCA_h_251_APC_2	Animal	A	3
GCA_013305215.1_ASM1330521v1_2C45_1	2C45_1	Animal	A	3
GCA_028437665.1_ASM2843766v1_CP_02	CP-02	Animal	A	3
GCA_029874145.1_ASM2987414v1_NCTC11144	NCTC11144	Food	F	3
GCA_900447035.1_48450_D02_NCTC9851	48450_D02_NCTC9851	Food	F	1
GCA_900447065.1_48269_D01_NCTC8247	48269_D01_NCTC8247	Human	F	1
GCA_900447075.1_47406_D01_NCTC3182	47406_D01_NCTC3182	Animal	C	3
GCA_900447085.1_50377_F01_NCTC10578	50377_F01_NCTC10578	Unknown/Other	A	3
GCA_900447095.1_50432_B01_NCTC10614	50432_B01_NCTC10614	Human	F	1
GCA_900447105.1_51395_G01_NCTC8798	51395_G01_NCTC8798	Food	F	1
GCA_900447125.1_51438_D01_NCTC10719	51438_D01_NCTC10719	Animal	C	3
GCA_900461035.1_48450_E02_NCTC10239	48450_E02_NCTC10239	Food	F	1
GCA_900461135.1_50377_E01_NCTC8679	50377_E01_NCTC8679	Human	F	1
GCA_900461145.1_50618_C02_NCTC8359	50618_C02_NCTC8359	Food	F	1
GCA_900461155.1_51395_F01_NCTC8449	51395_F01_NCTC8449	Food	A	1
GCA_900461205.1_48269_A01_NCTC8246	48269_A01_NCTC8246	Unknown/Other	A	3
GCA_900461235.1_50432_A01_NCTC10613	50432_A01_NCTC10613	Food	F	1
GCA_900461295.1_48269_C01_NCTC8081	48269_C01_NCTC8081	Human	C	1
GCA_900461325.1_45753_H01_NCTC8799	45753_H01_NCTC8799	Food	F	1
GCA_900461395.1_48450_F02_NCTC10240	48450_F02_NCTC10240	Animal	F	1
GCA_900604525.1_cp508.17_a508.17	cp508.17_a508.17	Animal	E	2
GCA_900604545.1_cp515.17_a515.17	cp515.17_a515.17	Human	E	2
GCA_901482515.1_44310_F02_NCTC8797	44310_F02_NCTC8797	Food	F	1
GCA_901523095.1_44310_E02_NCTC8678	44310_E02_NCTC8678	Human	A	1
GCA_902166005.1_26009_2_20_4928STDY7387898	26009_2_20_4928STDY7387898	Human	A	3
GCA_902166025.1_26009_2_17_4928STDY7387889	26009_2_17_4928STDY7387889	Human	A	3
GCA_902166095.1_26009_2_27_4928STDY7387917	26009_2_27_4928STDY7387917	Human	A	3
GCA_902166135.1_26009_2_31_4928STDY7387926	26009_2_31_4928STDY7387926	Human	A	3
GCA_902166765.1_26009_2_37_4928STDY7387940	26009_2_37_4928STDY7387940	Human	A	3
GCA_902459425.1_Q135.2_Q135.2	Q135.2_Q135.2	Human	A	2
GCA_902459435.1_Q061.2_Q061.2	Q061.2_Q061.2	Human	E	2
GCA_902459455.1_Q041.2_Q041.2	Q041.2_Q041.2	Human	D	3
GCA_902459515.1_NCTC8239_NCTC8239	NCTC8239_NCTC8239	Food	F	1
GCA_951336885.1_CP03_1_CP_03_1	CP03_1_CP_03_1	Animal	A	3
GCA_951337375.1_NCTC8503_NCTC8503	NCTC8503_NCTC8503	Unknown/Other	D	3
JFP771	JFP771	Animal	F	3
JFP983	JFP983	Animal	F	2
JFP986	JFP986	Animal	F	2
JFP992	JFP992	Animal	F	2
JP55	JP55	Animal	F	3
JP838	JP838	Animal	F	2
LLY_N11	LLY_N11	Animal	A	3
MGYG_HGUT_02372	MGYG_HGUT_02372	Human	A	3
NAG-NE1	NAG-NE1	Animal	A	3
NCTC13170	NCTC 13170	Unknown/Other	A	3
NCTC2837	NCTC 2837	Unknown/Other	A	3
Pennington	Pennington	Animal	G	3
SOM_NE35	SOM-NE35	Animal	G	3
SYD_NE41	SYD-NE41	Animal	G	3
TAMU	TAMU	Animal	A	3
TAM_NE40	TAM-NE40	Animal	G	3
TAM_NE46	TAM-NE46	Animal	G	3
Tumat	Tumat	Animal	A	5
TypeD	Type-D	Animal	D	4
UDE_95_1372	UDE_95_1372	Animal	G	3
W1319	W1319	Animal	A	3
WER_NE36	WER-NE36	Animal	G	3
Warren	Warren	Animal	G	3
