gene	blood_pos	blood_n	blood_pct	human_pos	human_n	human_pct	odds_ratio	p	q	significant
nagI	25	25	100	17	29	59	36.43	0.000166	0.00245	yes
nagH	25	25	100	18	29	62	31.70	0.000408	0.00245	yes
nanJ	25	25	100	18	29	62	31.70	0.000408	0.00245	yes
nagJ	25	25	100	19	29	66	27.46	0.000974	0.00438	yes
nanI	25	25	100	20	29	69	23.63	0.00227	0.00816	yes
cpe	1	25	4	11	29	38	0.10	0.00306	0.00919	yes
nagK	23	25	92	17	29	59	6.71	0.00604	0.0155	yes
pfoA	20	25	80	15	29	52	3.49	0.0455	0.102	no
iap	0	25	0	2	29	7	0.22	0.493	0.888	no
ibp	0	25	0	2	29	7	0.22	0.493	0.888	no
nagL	14	25	56	13	29	45	1.54	0.586	0.958	no
cloSI	25	25	100	29	29	100	0.86	1	1	no
colA	24	25	96	28	29	97	0.86	1	1	no
cpb	0	25	0	1	29	3	0.37	1	1	no
cpb2	0	25	0	1	29	3	0.37	1	1	no
ext	0	25	0	1	29	3	0.37	1	1	no
nanH	25	25	100	29	29	100	0.86	1	1	no
plc	25	25	100	29	29	100	0.86	1	1	no
